{"$schema":"http://schema.management.azure.com/schemas/2015-01-01/deploymentTemplate.json#","contentVersion":"1.0.0.0","parameters":{"UserDataFunctions mdjouallah":{"type":"string"}},"variables":{},"resources":[{"name":"scheduler","type":"pipelines","apiVersion":"2018-06-01","properties":{"activities":[{"name":"download","type":"AzureFunctionActivity","dependsOn":[],"policy":{"timeout":"0.00:10:00","retry":0,"retryIntervalInSeconds":30,"secureOutput":false,"secureInput":false},"typeProperties":{"functionName":"download","parameters":{"urls":"[[\"http://nemweb.com.au/Reports/Current/DispatchIS_Reports/\",\"http://nemweb.com.au/Reports/Current/Dispatch_SCADA/\",\"https://nemweb.com.au/Reports/Current/Daily_Reports/\",\"https://data.wa.aemo.com.au/public/market-data/wemde/facilityScada/previous/\"]","folders":"[[\"Reports/Current/DispatchIS_Reports/\",\"Reports/Current/Dispatch_SCADA/\",\"Reports/Current/Daily_Reports/\",\"Reports/Current/wa/\"]","totalfiles":"2"},"functionSetId":"3aa84ba3-ce6a-48d5-9482-4af8ab2d03f7","workspaceId":"6cf5cf37-c560-4aa0-90fc-97baf5fed1f1"},"externalReferences":{"connection":"[parameters('UserDataFunctions mdjouallah')]"}}],"concurrency":1,"lastModifiedByObjectId":"3f4b63c4-c4a4-49e4-8fdf-59bb83b69e29","lastPublishTime":"2025-04-08T11:00:32Z"},"dependsOn":[]}]}